스트링ID,,한국어,영어
ID,,Kr,En
String,,String,String
CharNameBear,,곰둥이,Gommy
FishNameCarp,,토종 붕어,Carp
FishNameKoi,,비단 잉어,Koi
FishNameLoach,,미꾸라지,Loach
FishNameCatFish,,물메기,CatFish
FishNameSalmon,,연어,Salmon
FishNameRedSeaBream,,참돔,RedSeaBream
FishNameMullet,,숭어,Mullet
FishNameFlounder,,도다리,Flounder
FishNameHairtail,,갈치,Hairtail
FishNameSeaBass,,농어,SeaBass
FishNameEel,,민물장어,Eel
FishNameMackerel,,고등어,Mackerel
FishNameKingPrawn,,대하,KingPrawn
FishNameGizzardShad,,전어,GizzardShad
FishNameYellowtail,,방어,Yellowtail
FishNameMonkfish,,아귀,Monkfish
FishNameTrout,,송어,Trout
FishNameGoldenMandarinFish,,황금쏘가리,GoldenMandarinFish
FishNameOarfish,,산갈치,Oarfish
FishNameGreatWhiteShark,,백상아리,GreatWhiteShark
FishNameSpermWhale,,향유고래,SpermWhale
FishNameCoelacanth,,실러캔스,Coelacanth
FishNameSeaEel,,붕장어,SeaEel
FishNameMandarin,,쏘가리,Mandarin
FishNamePiraruku,,피라루크,Piraruku
FishNameIceFish,,빙어,IceFish
FishNameNeonTetra,,네온테트라,NeonTetra
FishNameAnchovy,,멸치,Anchovy
FishNameSardine,,정어리,Sardine
FishNameBlobfish,,블롭피쉬,Blobfish
FishDescCarp,,황갈색 비늘이 덮인 납작하고 통통한 몸매. 생명력이 강하고 정겨운 외형.,Golden-brown scales and a plump body. A familiar native fish.
FishDescKoi,,"화려한 붉은색, 흰색, 노란색 무늬. '물속의 보석'이라 불리는 관상용 물고기.","Brilliant red and white patterns. Known as ""swimming jewels."""
FishDescLoach,,매끄럽고 긴 몸에 콧수염이 달림. 진흙 속에서도 잘 사는 강인함. 미끌미끌~,A slippery brown body with barbels. Highly resilient in mud.
FishDescCatFish,,흐물흐물하고 넙데데한 생김새. 못생겼지만 시원한 해장국 재료로 인기.,"A soft, flabby appearance. Famous for refreshing seafood soups."
FishDescSalmon,,은빛 몸에 검은 점. 강을 거슬러 오르는 회귀 본능을 가진 건강의 상징.,Silvery body with black spots. Known for its homing instinct.
FishDescRedSeaBream,,분홍빛 비늘과 푸른 반점. '바다의 여왕'이라 불리는 고급스러운 자태.,"Pinkish scales with blue spots. The ""Queen of the Sea."""
FishDescMullet,,길쭉한 유선형 몸에 둥근 머리. 겨울과 봄 사이 맛이 차오르는 힘찬 물고기.,A streamlined body and rounded head. A powerful jumper.
FishDescFlounder,,납작한 몸에 눈이 오른쪽에 쏠림. 봄철 쑥국과 함께 사랑받는 바닥 생선.,A flat body with eyes on the right. A classic spring delicacy.
FishDescHairtail,,은색 칼처럼 길고 얇은 몸. 반짝이는 은분이 특징인 바다의 은빛 검객. 칼싸움 한번?,"A long, silver blade-like body. The ""Silver Swordsman"" of the sea."
FishDescSeaBass,,날렵하고 탄탄한 은회색 몸매. 여름철 대표적인 보양식이자 강인한 포식자.,A sturdy silvery-gray body. A strong summer predator.
FishDescEel,,뱀처럼 길고 매끄러운 몸. 강력한 스테미나의 상징으로 불리는 귀한 몸. 소금? 양념?,A snake-like slippery body. A symbol of great stamina.
FishDescMackerel,,등에 푸른 물결무늬가 선명함. '바다의 보리'로 불리는 대중적인 등푸른생선.,Blue wavy patterns on the back. A popular blue-backed fish.
FishDescKingPrawn,,긴 수염과 굽은 몸을 가진 큰 새우. 가을철 별미로 손꼽히는 탱글한 식감.,Large shrimp with long antennae. A firm and sweet autumn treat.
FishDescGizzardShad,,은빛 배에 검은 점무늬. '가을 전어 머리엔 깨가 서 말'이라는 전설의 생선.,Silvery belly with black dots. A legendary autumn seasonal fish.
FishDescYellowtail,,대형 유선형 몸에 노란 가로줄. 겨울철 기름진 살이 일품인 거대 어종. 겨울엔 방어지!,A massive body with a yellow line. Prised for fatty winter meat.
FishDescMonkfish,,"거대한 입과 머리, 낚싯대 모양 촉수. 독특한 외모를 가진 심해 포식자.",A giant mouth and head with a lure. A unique deep-sea predator.
FishDescTrout,,몸 옆면의 분홍색 무지개 띠. 깨끗하고 차가운 물에 사는 날렵한 민물고기.,"A pink rainbow stripe on the side. Thrives in cold, clean water."
FishDescGoldenMandarinFish,,선명한 금빛 비늘이 특징. 희귀성이 높아 천연기념물로 지정된 귀객.,Brilliant golden scales. A rare and protected natural monument.
FishDescOarfish,,수 미터에 달하는 붉은 지느러미와 긴 몸. 심해에서 온 전설의 거대 물고기.,A ribbon-like body reaching several meters. A legendary giant.
FishDescGreatWhiteShark,,날카로운 이빨과 삼각형 지느러미. 바다 최상위 포식자의 압도적 포스.,Razor-sharp teeth and a triangular fin. The ocean's apex predator.
FishDescSpermWhale,,거대한 사각형 머리와 묵직한 몸집. 심해 깊은 곳까지 잠수하는 고래의 왕.,A massive square head. The king of deep-diving whales.
FishDescCoelacanth,,다리 같은 지느러미와 단단한 비늘. '살아있는 화석'으로 불리는 고대 어류.,"Leg-like fins and thick scales. Known as a ""living fossil."""
FishDescSeaEel,,갈색 몸에 옆구리 흰 점선. '아나고'로 잘 알려진 고소한 맛의 바다 장어.,A brown body with white spots. Famous for its savory flavor.
FishDescMandarin,,표범 같은 얼룩무늬와 날카로운 등가시. 민물의 제왕이라 불리는 포식자.,"Leopard-like spots. The fierce ""King of Freshwater."""
FishDescPiraruku,,붉은 빛의 거대한 비늘. 아마존에 서식하는 세계 최대 규모의 민물고기.,Giant scales with red tints. One of the largest freshwater fish.
FishDescIceFish,,투명하고 가냘픈 작은 몸매. 겨울 호수의 은빛 요정이라 불리는 깨끗한 어종.,"A tiny, translucent body. The ""Silver Fairy"" of winter lakes."
FishDescNeonTetra,,옆구리의 형광 파란색 줄무늬. 수족관을 화려하게 수놓는 작은 열대어.,Brilliant blue and red stripes. A popular small tropical fish.
FishDescAnchovy,,작고 반짝이는 은빛 몸. 바다 생태계의 기초이자 우리 식탁의 필수 요정.,"A small, shimmering silver body. The base of the marine ecosystem."
FishDescSardine,,옆구리에 일렬로 난 검은 점들. 무리 지어 이동하며 바다를 누비는 유선형 어류.,A row of black spots on the side. Travels in massive schools.
FishDescBlobFish,,코가 큰 사람 얼굴 같은 억울한 표정. 세상에서 가장 못생긴 물고기 1위. 유저를 닮았...나?,"A saggy, human-like face. Voted the world's ugliest animal."
FoodNameSashimiBasic,,기본 회,Standard Sashimi
FoodNameBoiledCarp,,붕어 찜,Braised Crucian Carp
FoodNameGrilledSalmon,,연어 스테이크,Salmon Steak
FoodNameGrilledRedSeaBream,,참돔 구이,Grilled Red Sea Bream
FoodNameGrilledGoldenMandarinFish,,황금쏘가리 구이,Grilled Golden Mandarin Fish
FoodNameGrilledKoi,,잉어 구이,Grilled Carp
FoodNameSoupMandarin,,쏘가리 매운탕,Spicy Mandarin Fish Stew
FoodNameGrilledAnchovy,,멸치 볶음,Stir-fried Anchovies
FoodNameSoupGreatWhiteShark,,샥스핀,Shark Fin Soup
FoodNameGrilledSeaBass,,농어 스테이크,Sea Bass Steak
FoodNameGrilledGizzardShad,,전어 구이,Grilled Gizzard Shad
FoodNameSoupCatFish,,메기 매운탕,Spicy Catfish Stew
FoodNameSoupLoach,,추어탕,Chueo-tang (Loach Soup)
FoodNameSoupEel,,장어탕,Eel Soup
FoodNameSoupCoelacanth,,실러캔스탕,Coelacanth Soup
FoodNameBoiledNeonTetra,,네온테트라조림,Braised Neon Tetra
FoodNameSoupFlounder,,도다리쑥국,Flounder Soup with Mugwort
FoodNameBoiledBlobfish,,블롭피쉬조림,Braised Blobfish
FoodDescSashimiBasic,,생선 본연의 식감과 신선함을 가장 잘 느낄 수 있는 담백한 조리법.,A simple preparation that best preserves the natural texture and freshness of the fish.
FoodDescBoiledCarp,,부드러운 붕어 살에 매콤달콤한 양념이 잘 배어든 정성 가득한 민물 요리.,A hearty freshwater dish featuring tender Crucian carp infused with a sweet and spicy glaze.
FoodDescGrilledSalmon,,고소한 풍미와 부드러운 식감이 일품인 서구식 생선 요리의 대명사.,"A classic Western-style fish dish, prized for its rich flavor and buttery, melting texture."
FoodDescGrilledRedSeaBream,,겉은 바삭하고 속은 촉촉하게 구워낸 고급스럽고 담백한 바다의 맛.,"An elegant taste of the sea, grilled to be crispy on the outside and moist on the inside."
FoodDescGrilledGoldenMandarinFish,,귀한 황금쏘가리를 구워내어 쫄깃한 식감과 고소함이 극대화된 별미.,A rare delicacy that maximizes the chewy texture and nutty flavor of the precious Golden Mandarin Fish.
FoodDescGrilledKoi,,잉어의 큼직한 살집을 살려 노릇하게 구워낸 보양식 스타일의 요리.,"A nourishing, health-focused dish featuring thick, golden-brown grilled fillets of carp."
FoodDescSoupMandarin,,민물의 제왕'다운 탄탄한 육질과 시원하고 칼칼한 국물이 어우러진 맛.,"A refreshing yet spicy stew that highlights the firm, ""King of Freshwater"" texture of the Mandarin fish."
FoodDescGrilledAnchovy,,바삭한 식감과 달콤 짭조름한 양념이 조화를 이루는 최고의 밑반찬.,"The ultimate side dish, balancing a crunchy texture with a perfectly sweet and salty seasoning."
FoodDescSoupGreatWhiteShark,,부드럽고 독특한 식감이 특징인 중화권의 귀한 보양식 스프 요리.,"A rare, traditional Chinese health soup characterized by its uniquely smooth and delicate texture."
FoodDescGrilledSeaBass,,탄탄하고 담백한 농어 살을 두툼하게 구워내 풍부한 육즙을 즐기는 요리.,"A dish featuring thick cuts of firm, lean Sea Bass grilled to lock in its rich, savory juices."
FoodDescGrilledGizzardShad,,집 나간 며느리도 돌아오게 한다는 고소한 기름기가 가득한 가을의 맛.,"The quintessential taste of autumn, filled with a rich, nutty oiliness that ""brings back runaway daughters-in-law."""
FoodDescSoupCatFish,,진하고 걸쭉한 국물에 메기의 부드러운 살이 녹아든 든든한 보양 한 그릇.,"A hearty bowl of health, featuring tender catfish simmered in a thick, deep, and savory broth."
FoodDescSoupLoach,,미꾸라지를 푹 고아 갈아 넣은 진하고 구수한 한국의 전통 보양 스태미나식.,"A traditional Korean stamina-boosting soup made by slow-cooking and grinding loach into a rich, earthy broth."
FoodDescSoupEel,,장어의 기운이 통째로 녹아든 걸쭉하고 담백한 국물이 일품인 영양식.,"A nutrient-dense dish where the pure energy of the eel is dissolved into a thick, savory soup."
FoodDescSoupCoelacanth,,수억 년 전의 맛이 느껴질 듯한 신비로운 비주얼의 전설적인 심해 요리.,"A legendary deep-sea dish with a mystical appearance, tasting as if it came from hundreds of millions of years ago."
FoodDescBoiledNeonTetra,,작은 열대어의 빛깔이 무색하게 매콤한 양념에 졸여낸 기묘한 소형 어류 요리.,"A bizarre small-fish dish where tiny tropical colors are braised away in a sharp, spicy seasoning."
FoodDescSoupFlounder,,향긋한 봄 쑥과 제철 도다리가 만나 봄의 기운을 그대로 전하는 맑은 국.,"A clear, refreshing soup that delivers the essence of spring through fragrant mugwort and seasonal flounder."
FoodDescBoiledBlobfish,,특유의 흐물흐물한 식감이 양념과 만나 독특한 풍미를 자아내는 희귀한 요리. 유저를 조렸...나?,"A rare dish where a unique, jelly-like texture meets seasoning to create an extraordinary flavor profile. Wait... did you just braise the user? (or: Did I just braise... the user?)"
CurrencyNameLpPiece,,LP조각,Piece of LP
CurrencyNameGold,,골드,Gold
ItemNameLowBait,,하급 미끼,Low Bait
ItemNameMiddleBait,,중급 미끼,Middle Bait
ItemNameBasicPole,,기본 낚싯대,Basic Fishing Pole
ItemNameGoodPole,,괜찮은 낚싯대,Good Fishing Pole
ItemNameBasicBobber,,기본 낚시찌,Basic Bobber
ItemNameGoodBobber,,괜찮은 낚시찌,Good Bobber
ItemDescLowBait,,기본적인 미끼입니다. 가장 흔한 물고기들을 유인합니다.,A basic bait. Attracts the most common types of fish.
ItemDescMiddleBait,,향이 더 강한 미끼입니다. 1단계보다 더 희귀한 물고기가 나타날 확률이 생깁니다.,A bait with a stronger scent. Increases the chance of encountering rarer fish than Level 1.
ItemDescBasicPole,,갓 낚시를 시작한 초보자를 위한 낚싯대입니다.,A fishing pole designed for beginners who have just started fishing.
ItemDescGoodPole,,전문 낚시꾼을 위해 탄성을 높인 낚싯대입니다. 물고기를 낚는 속도가 비약적으로 상승합니다.,A fishing pole with improved elasticity for professional anglers. Significantly increases fishing speed.
ItemDescBasicBobber,,입질을 확인하기 위한 표준 찌입니다. 적당한 크기의 물고기를 포착합니다.,A standard bobber for checking bites. Captures fish of moderate size.
ItemDescGoodPole,,부력이 뛰어나고 민감한 찌입니다. 거대한 물고기의 신호를 잡아냅니다.,A highly buoyant and sensitive bobber. Detects signals from massive fish.
InteriorNameBasicHouse,,기본 집,Basic House
InteriorNameMediumHouse,,중간 크기 집,Medium House
InteriorNameLargeHouse,,큰 사이즈 집,Large House
InteriorDescBasicHouse,,동화 속에서 나온 듯한 아담하고 귀여운 오두막입니다. 따뜻한 등불 아래 소박한 쉼터가 되어줍니다.,"A small, cute cabin right out of a fairytale. It serves as a simple shelter under a warm lantern."
InteriorDescMediumHouse,,튼튼하게 지어진 듬직하고 아늑한 집입니다. 하루의 피로를 사르르 녹여주는 든든한 안식처가 되어줍니다.,"A sturdy, cozy house built to be reliable. It serves as a dependable haven that melts away the day's fatigue."
InteriorDescLargeHouse,,웅장하고 쾌적한 큰 집입니다. 탁 트인 창 너머로 불어오는 바람을 느끼며 마음껏 힐링할 수 있어요.,A grand and pleasant large house. You can fully heal while feeling the breeze blowing through the wide-open windows.
InteriorNameBasicCampfire,,기본 모닥불,Basic Campfire
InteriorNameBasicBox,,기본 보관함,Basic Storage Box
InteriorNameIceBox,,아이스박스,Ice Box
InteriorNameSmileFlower,,웃는화분,Basic Fence
InteriorNameSlipFlowerPot,,자고 있는 화분,Basic Mailbox
InteriorNameMediumFlowerPot,,중간 크기 화분,Smiling Plant Pot
InteriorNameLargeFlowerPot,,큰 사이즈 화분,Sleeping Plant Pot
InteriorNameBasicFence,,기본 울타리,Medium Plant Pot
InteriorNameBasicLpPlayer,,기본 LP 플레이어,Large Plant Pot
InteriorNameAmplifier,,앰프,Basic LP Player
InteriorNameSpeaker,,스피커,Amplifier
InteriorNamePostBox,,기본 우체통,Speaker
InteriorNameRabbitDoll,,토끼 인형,Rabbit Plushie
InteriorNamePandaDoll,,판다 인형,Panda Plushie
InteriorNameLargeRabbitDoll,,큰 사이즈 토끼인형,Large Rabbit Plushie
InteriorDescBasicCampfire,,캠핑의 낭만을 더해주는 기초적인 모닥불입니다. 주변을 밝게 비춰줍니다.,A basic campfire that adds a romantic touch. Brightens up the surroundings.
InteriorDescBasicBox,,투박하지만 튼튼한 나무 상자입니다. 자주 쓰는 물건들을 넣어두기 좋습니다.,A sturdy wooden box. Great for storing frequently used items.
InteriorDescIceBox,,내부 온도를 시원하게 유지해주는 상자입니다. 음식을 더 신선하게 보관할 수 있습니다.,Keeps the internal temperature cool. Stores food more freshly.
InteriorDescSmileFlower,,영역을 구분해주는 평범한 울타리입니다. 마당이나 정원을 꾸미기에 적합합니다.,A plain fence for defining areas. Perfect for decorating yards or gardens.
InteriorDescSlipFlowerPot,,누군가의 소중한 편지를 기다리게 만드는 빨간색 우체통입니다.,A red mailbox that makes you look forward to receiving precious letters.
InteriorDescMediumFlowerPot,,보기만 해도 기분이 좋아지는 미소를 띤 작은 화분입니다. 공간에 생기를 더해줍니다.,A small pot with a cheerful smile. Adds vitality to any space.
InteriorDescLargeFlowerPot,,평온하게 눈을 감고 있는 모습의 화분입니다. 차분한 분위기를 연출하기에 좋습니다.,"A pot with a peaceful, closed-eyed expression. Great for a calm atmosphere."
InteriorDescBasicFence,,어떤 식물이든 무난하게 어울리는 적당한 크기의 표준형 화분입니다.,A standard-sized pot that goes well with any type of plant.
InteriorDescBasicLpPlayer,,웅장한 크기를 자랑하는 화분입니다. 실내의 포인트 가구로 활용하기 좋습니다.,A magnificent pot. Perfect as a statement piece for indoor decor.
InteriorDescAmplifier,,클래식한 감성이 느껴지는 턴테이블입니다. 부드러운 아날로그 음악을 감상해보세요.,A turntable with a classic vibe. Enjoy smooth analog music.
InteriorDescSpeaker,,소리를 더 크고 풍부하게 증폭시켜주는 장치입니다. 음악 애호가라면 필수 아이템입니다.,A device that amplifies sound. An essential item for music lovers.
InteriorDescPostBox,,선명한 음질을 전달하는 스피커입니다. 공간 전체를 소리로 가득 채울 수 있습니다.,Delivers clear sound quality. Fills the entire space with music.
InteriorDescRabbitDoll,,보들보들한 털이 매력적인 귀여운 토끼 인형입니다. 침대 옆에 두면 안성맞춤입니다.,A cute rabbit plushie with soft fur. Perfect for placing next to a bed.
InteriorDescPandaDoll,,멍한 표정이 매력적인 판다 인형입니다. 어디에 두어도 시선을 사로잡습니다.,A charming panda plushie with a dazed expression. Catches everyone's eye.
InteriorDescLargeRabbitDoll,,한 품에 가득 안기는 거대 토끼 인형입니다. 보기만 해도 푹신한 안정감을 줍니다.,A giant rabbit plushie for big hugs. Provides a soft sense of security.
UpgradeStatDes,ui,캐릭터 상태,Status
HungerStatDes,,포만감,Hunger
StaminaStatDes,,스태미너,Stamina
MoveSpeedStatDes,,이동 속도,MoveSpeed
FishingSpeedStatDes,,낚시 속도,FishingSpeed
RestSpeedStatDes,,휴식 속도,RestSpeed
InteriorNameSpringPineTree,,봄) 소나무,SpringPineTree
InteriorNameSpringTree,,봄) 나무,SpringTree
InteriorNameAutumnPineTree,,가을) 소나무,AutumnPine Tree
InteriorNameAutumnTree,,가을) 나무,AutumnTree
InteriorNameWinterPineTree,,겨울) 소나무,WinterPineTree
InteriorNameWinterTree,,겨울) 나무,WinterTree
InteriorNameRedFlower,,빨간색 꽃,RedFlower
InteriorNamePinkFlower,,핑크색 꽃,PinkFlower
InteriorNamePurpleFlower,,보라색 꽃,PurpleFlower
InteriorNameGrayFlower,,회색 꽃,GrayFlower
InteriorNameWhiteFlower,,흰색 꽃,WhiteFlower
InteriorNameYellowFlower,,노란색 꽃,YellowFlower
InteriorNameBlueFlower,,파란색 꽃,BlueFlower
InteriorNameBasicBed,,기본 침대,BasicBed
InteriorNameSingleBed,,싱글 베드,SingleBed
InteriorNameQueenBed,,퀸 베드,QueenBed
InteriorNameKingBed,,킹 베드,KingBed
InteriorDescSpringPineTree,,푸릇푸릇한 봄의 기운이 느껴지는 소나무입니다.,A pine tree with a fresh spring vibe.
InteriorDescSpringTree,,파릇한 새싹이 돋아난 봄 시즌의 나무입니다.,A spring tree with fresh green sprouts.
InteriorDescAutumnPineTree,,가을 풍경에 잘 어울리는 소나무입니다.,A green pine tree that goes well with autumn scenery.
InteriorDescAutumnTree,,단풍이 든 가을 나무입니다.,An autumn tree with colorful leaves.
InteriorDescWinterPineTree,,추운 겨울에도 푸르름을 간직한 눈 덮은 소나무입니다,A snow-covered pine tree that stays green even in winter.
InteriorDescWinterTree,,하얀 눈이 소복이 쌓인 겨울 나무입니다.,A winter tree covered in soft white snow.
InteriorDescRedFlower,,선명한 빨간색이 돋보이는 장식용 꽃입니다.,A decorative flower with a vivid red color.
InteriorDescPinkFlower,,은은한 분홍빛을 띤 아기자기한 꽃입니다.,A cute flower with a soft pink hue.
InteriorDescPurpleFlower,,고운 보라색 꽃잎을 가진 장식용 꽃입니다.,A decorative flower with pretty purple petals.
InteriorDescGrayFlower,,차분하고 독특한 회색빛의 꽃입니다.,A calm and unique gray-colored flower.
InteriorDescWhiteFlower,,깔끔하고 순수한 느낌의 하얀 꽃입니다.,A clean and pure-looking white flower.
InteriorDescYellowFlower,,밝고 화사한 노란색 장식용 꽃입니다.,A bright and cheery yellow decorative flower.
InteriorDescBlueFlower,,시원한 파란색이 매력적인 꽃입니다.,A charming flower with a cool blue color.
InteriorDescBasicBed,,가장 기초적인 디자인의 안락한 침대입니다.,A basic bed that is good for anyone to use.
InteriorDescSingleBed,,1인이 사용하기 적당한 아담한 사이즈의 침대입니다.,A compact bed perfect for one person.
InteriorDescQueenBed,,넉넉한 공간으로 더 편안한 수면을 돕는 퀸 사이즈 침대입니다.,A spacious bed where you can rest comfortably.
InteriorDescKingBed,,최고 수준의 안락함과 넓은 공간을 제공하는 대형 침대입니다.,"A large, comfy bed that helps you sleep well."
CostumeNameHat,,클래식 중절모,Classic Fedora
CostumeNameRedHat,,빨간 리본 밀짚모자,Red Ribbon Straw Hat
CostumeNameBlueHat,,파란 리본 밀짚모자,Blue Ribbon Straw Hat
CostumeNameCrown,,루비 미니 왕관,Ruby Mini Crown
CostumeNamePudding,,탱글 커스터드 푸딩,Jiggly Custard Pudding
CostumeDescHat,,부드러운 챙이 돋보이는 갈색 모자입니다. 차분하고 단정한 분위기를 연출해요.,A brown hat with a soft brim. Creates a calm and neat atmosphere.
CostumeDescRedHat,,촘촘하게 짜인 모자에 빨간 리본을 묶었어요. 화사한 봄날의 피크닉이 떠오릅니다.,A tightly woven hat tied with a red ribbon. Reminds you of a bright spring picnic.
CostumeDescBlueHat,,시원한 파란 리본이 돋보이는 밀짚모자입니다. 맑은 여름 하늘 아래서 쓰기 좋아요.,A straw hat featuring a cool blue ribbon. Perfect for wearing under a clear summer sky.
CostumeDescCrown,,붉은 보석이 박힌 금색 왕관입니다. 머리 위에 올리면 동화 속 주인공이 된 것 같아요.,A golden crown set with red jewels. Makes you feel like a fairytale protagonist.
CostumeDescPudding,,머리 위에 얹는 달콤한 푸딩입니다. 걸을 때마다 귀엽게 찰랑거려요. (먹지 마세요!),A sweet pudding to place on your head. Jiggles cutely with every step. (Do not eat!)
CostumeNameBlackBowTie,,검은색 나비 넥타이,BlackBowTie
CostumeNameRedBowTie,,빨간색 나비 넥타이,RedBowTie
CostumeNameYellowBowTie,,노란색 나비 넥타이,YellowBowTie
CostumeNameWhiteBowTie,,하얀색 나비 넥타이,WhiteBowTie
CostumeNameRainbowBowTie,,무지개색 나비 넥타이,RainbowBowTie
CostumeNameDalmatianBowTie,,땡땡이 나비 넥타이,DalmatianBowTie
CostumeDescBlackBowTie,,누구에게나 어울리는 검은색 나비 넥타이입니다.,A classic black bow tie. Perfectly suits absolutely anyone.
CostumeDescRedBowTie,,정열적인 당신에게 어울리는 빨간색 나비 넥타이입니다.,A striking red bow tie. Perfect for a passionate soul.
CostumeDescYellowBowTie,,아기자기한 당신에게 어울리는 노란색 나비 넥타이입니다.,A cheerful yellow bow tie. Highlights your cute and charming personality.
CostumeDescWhiteBowTie,,세련된 당신에게 어울리는 하얀색 나비 넥타이입니다.,A crisp white bow tie. Completes a sophisticated and elegant look.
CostumeDescRainbowBowTie,,특별한 당신에게 어울리는 무지개색 나비 넥타이입니다.,A colorful rainbow bow tie. Makes you feel truly special.
CostumeDescDalmatianBowTie,,톡톡튀는 매력이 있는 당신에게 어울리는 땡땡이 나비 넥타이입니다.,A playful polka dot bow tie. Brings out your bubbly and unique charm.
StartMessage,ui,게임 시작,game start
InteriorNameFishingChair,,낚시의자,Fishing Chair
InteriorNameDiningZone,,식사공간,Dining room
InteriorNameShop,,물고기 판매처,Fish store
InteriorDescFishingChair,,물고기를 낚을 수 있는 장소입니다. 다양한 어종이 환경에 따라 등장합니다.,A location where you can catch fish. Various species appear depending on time and environmental conditions.
InteriorDescDiningZone,,요리한 음식을 섭취하여 배고픔을 회복할 수 있는 공간입니다.,A space where you can consume cooked food to restore hunger.
InteriorDescShop,,획득한 물고리를 판매하여 재화를 얻을 수 있는 장소입니다.,A place where you can sell acquired fish to earn currency.
QuestFishCarp,Quest,토종 붕어 {0}마리 낚기,Fishing {0} Carps
QuestIslandInteriorBuy,Quest,섬 인테리어 아이템 {0}개 구매,Purchase {0} Island Interior Items
QuestJournalFish,Quest,물고기 도감에 물고기 총 {0}마리 등록,Register a total of (0) fish in the fish journal
QuestStatHungerLevel,Quest,배고픔 수치 {0}레벨 달성,Achieve Hunger level {0}
QuestLakeInteriorBuy,Quest,호수 인테리어 아이템 {0}개 구매,Purchase {0} Lake Interior Items
QuestFishSalmon,Quest,연어 {0}마리 낚기,Fishing {0} Salmons
RecordNameSoft1,임시 음반 1,Starlight Drive,Starlight Drive
RecordNameSoft2,임시 음반 2,Walking on Clouds,Walking on Clouds
RecordNameFrozenWindowGlow,임시 음반 3,Frozen Window Glow,Frozen Window Glow
RecordNameSunnyMorning,[기본 배경음] 봄,기분 좋은 아침,Sunny Morning
RecordNameRelaxingWithAGlassOfSoda,[기본 배경음] 여름,소다수 한 잔의 여유,Relaxing with a Glass of Soda
RecordNameAfternoonByTheWindow,[기본 배경음] 가을,창가에 머무는 오후,Afternoon by the Window
RecordNameRelaxingWhereWinterLingers,[기본 배경음] 겨울,겨울이 머무는 시간,Where Winter Lingers
RecordDescSoft1,임시 음반 1 설명,별빛 아래를 드라이브하는 듯한 상쾌하고 기분 좋은 느낌을 줍니다.,"It gives a refreshing and pleasant feeling, as if driving under the starlight."
RecordDescSoft2,임시 음반 1 설명,마치 몽글몽글한 구름 위를 산책하는 듯한 가볍고 포근한 느낌을 줍니다.,"It creates a light and cozy atmosphere, as if taking a stroll above soft clouds."
RecordDescFrozenWindowGlow,임시 음반 3 설명,소리 없이 내리는 눈을 보며 느끼는 따뜻한 온기.,The gentle warmth felt while watching the silent snow.
RecordDescSunnyMorning,[기본 배경음] 봄 설명,"평화롭고 설레는 분위기를 자아내며, 일상 속 작은 행복을 떠올리게 합니다.","It creates a peaceful and heart-fluttering atmosphere, evoking the small, warm joys of daily life."
RecordDescRelaxingWithAGlassOfSoda,[기본 배경음] 여름 설명,톡톡 터지는 소다수처럼 청량하고 기분 좋은 여름날.,"A refreshing and pleasant summer day, like sparkling soda."
RecordDescAfternoonByTheWindow,[기본 배경음] 가을 설명,"나른한 오후, 편안한 휴식 시간에 어울리는 곡입니다.","It is the perfect track for a lazy afternoon or a comfortable, relaxing break."
RecordDescRelaxingWhereWinterLingers,[기본 배경음] 겨울 설명,소리 없이 내리는 눈을 보며 느끼는 따뜻한 온기.,The gentle warmth felt while watching the silent snow.
ArtistNameCityBoy,경석,City Boy,City Boy
ArtistNameGraphite,하나,흑연,Graphite
RecordNameRain001,임시 환경음,비,Rain
RecordNameAmbienceSpring,[기본 환경음] 봄,숲속 새소리,Forest Birdsong
RecordNameAmbienceSummer,[기본 환경음] 여름,여름날의 빗소리,Summer Rain
RecordNameAmbienceAutumn,[기본 환경음] 가을,바스락 낙엽 길,Rustling Leaves
RecordNameAmbienceWinter,[기본 환경음] 겨울,뽀드득 눈길,Crunching Snow
RecordNameAmbienceDay,[기본 환경음] 오전,아침을 깨우는 소리,Morning Awakening
RecordNameAmbienceSunset,[기본 환경음] 오후,오후의 풀벌레,Afternoon Insects
RecordNameAmbienceNight,[기본 환경음] 밤,고요한 밤,Quiet Night
RecordNameAmbienceDeepUnderwater,수면 아래,아득한 물속,Deep Underwater
QuestCostumeBuy,Quest,코스튬 아이템 {0}개 구매,Purchase {0} Costume Items
QuestFishingItemBuy,Quest,낚시 아이템 {0}개 구매,Purchase {0} Fishing Items
QuestRecipeBuy,Quest,레시피 아이템 {0}개 해금,Purchase {0} Recipes
QuestJournalCostume,Quest,코스튬 도감에 코스튬 총 {0}마리 등록,Register a total of (0) costume in the costume journal
QuestJournalFood,Quest,음식 도감에 음식 총 {0}개 등록,Register a total of (0) food in the food journal
QuestJournalInterior,Quest,인테리어 도감에 인테리어 총 {0}개 등록,Register a total of (0) interior in the interior journal
QuestStatStaminalLevel,Quest,스태미너 수치 {0}레벨 달성,Achieve Stamina level {0}
QuestStatMoveSpeedLevel,Quest,이동속도 수치 {0}레벨 달성,Achieve MoveSpeed level {0}
QuestStatFishingSpeedLevel,Quest,낚시속도 수치 {0}레벨 달성,Achieve FishingSpeed level {0}
QuestStatStaminaHealLevel,Quest,스태미너 회복 수치 {0}레벨 달성,Achieve StaminaHeal level {0}
ItemNameUpperBait,,상급 미끼,Upper Bait
ItemNameNiceBobber,,강화된 낚시찌,Enhanced Bobber
ItemNameNicePole,,강화된 낚싯대,Enhanced Fishing Pole
ItemDescUpperBait,,특수 추출물로 제작된 최상급 미끼입니다. 희귀한 물고기가 나타날 확률을 극대화합니다.,A premium bait crafted with special extracts. Maximizes the chance of encountering the rarest fish.
ItemDescNiceBobber,,수십 년 경력의 장인이 벼려낸 명품 낚싯대입니다. 가벼우면서도 거대한 대어의 힘을 완벽히 견뎌냅니다.,A masterpiece forged by a master artisan. Lightweight yet perfectly capable of withstanding the power of massive fish.
ItemDescNicePole,,수면 아래의 미세한 움직임도 놓치지 않는 정밀 찌입니다. 어떤 환경에서도 물고기의 위치를 정확히 파악합니다.,A precision bobber that never misses even the slightest movement underwater. Accurately tracks fish in any environment.
RecordTabBg,UI,배경음,Background
RecordTabAmb,UI,환경음,Ambient
RecordSortDropdown,UI,정렬,Sort
RecordFilterDropdown,UI,필터,Filter
RecordSortDefaultOption,UI,기본,Default
RecordSortTitleOption,UI,제목,Title
RecordSortArtistOption,UI,아티스트,Artist
RecordSortRecentPlay,UI,최근에 재생,Recently Played
RecordSortRecentCreate,UI,최근에 생성,Recently Created
RecordFilterAllOption,UI,전체,All
RecordFilterFavoriteOption,UI,즐겨찾기,Favorites
RecordFilterGeneralOption,UI,일반,General
RecordFilterSpringOption,UI,봄,Spring
RecordFilterSummerOption,UI,여름,Summer
RecordFilterAutumnOption,UI,가을,Autumn
RecordFilterWinterOption,UI,겨울,Winter
RecordFilterCollaborationOption,UI,콜라보,Collaboration
RecordFilterWeatherOption,UI,날씨,Weather
RecordFilterNatureOption,UI,자연,Nature
RecordFilterLifeOption,UI,생활 소음,Life Sounds
RecordSourceWeather,UI,날씨,Weather
RecordSourceNature,UI,자연,Nature
RecordSourceLife,UI,생활 소음,Life Sounds
RecordMessageUnlock,UI,음반 조각 3개를 소모하여 새로운 음반을 해금할까요?,Shall we use 3 LP Pieces to unlock a new record?
RecordButtonPreview,UI,미리 듣기,Preview
RecordButtonExchange,UI,교환,Exchange
RecordMessageUnlockSuccess,UI,새로운 음반이 해금되었어요. 편안하게 감상해볼까요?,A new record is unlocked. Shall we listen and relax?
RecordButtonConfirm,UI,확인,Confirm
RecordButtonCancel,UI,취소,Cancel
RecordMessageUnlockFailure,UI,음반 조각이 부족해요. 낚시를 하며 조각을 더 모아볼까요?,We need more LP Pieces. How about fishing to find some?
RecordMessagePreview,UI,음반을 미리 들어보고 있어요...,Previewing the record...
InteriorNameThemeTerrain01,,고요한 호수 바닥 지형,Serene Lakebed Terrain
InteriorNameThemeDeco01,,산호초 장식 군락,Coral Reef Decoration Cluster
InteriorNameThemeTerrain02,,이끼 낀 호수 바위 지형,Mossy Lake Rock Terrain
InteriorNameThemeDeco02,,수중 식물과 거품 장식,Underwater Plants & Bubble Decoration
InteriorNameThemeTerrain03,,고대 유적 바닥,Ancient Ruins Ground
InteriorNameThemeDeco03,,수중 유적 장식,Underwater Ruins Decoration
InteriorNameThemeTerrain04,,얼음 호수 지형,Frozen Lake Terrain
InteriorNameThemeDeco04,,얼음 수정 장식,Ice Crystal Decoration
InteriorNameThemeTerrain05,,해안 동굴 지형,Coastal Cave Terrain
InteriorNameThemeDeco05,,난파선 잔해,Shipwreck Remains
InteriorNameThemeTerrain06,,보물 해변 지형,Treasure Beach Terrain
InteriorNameThemeDeco06,,보물 폭발 효과,Treasure Burst Effect
InteriorDescThemeTerrain01,,부드러운 곡선의 바위와 모래로 이루어진 고요한 호수 바닥 지형입니다. 수중 탐험과 판타지 분위기의 스테이지에 어울리는 배경입니다.,A serene lakebed terrain composed of smooth rock arches and sandy ground. Perfect for underwater exploration scenes and fantasy-themed stages.
InteriorDescThemeDeco01,,"다양한 색상의 산호, 불가사리, 해초가 모여 있는 장식 오브젝트입니다. 수중 환경에 생동감과 색감을 더해줍니다.","A decorative cluster of colorful corals, starfish, and sea plants that adds vibrancy and life to underwater environments."
InteriorDescThemeTerrain02,,이끼가 자란 바위와 완만한 지형으로 구성된 호수 바닥입니다. 자연스럽고 오래된 수중 환경을 표현합니다.,"A lakebed terrain made of moss-covered rocks and gentle slopes, creating a natural and ancient underwater environment."
InteriorDescThemeDeco02,,"해초와 조개, 거품 효과로 이루어진 장식 요소입니다. 수중 장면에 움직임과 분위기를 더해줍니다.","Decorative underwater elements including seaweed, shells, and rising bubbles that enhance the atmosphere and motion of aquatic scenes."
InteriorDescThemeTerrain03,,시간의 흐름 속에 무너진 고대 문명의 유적 바닥입니다. 부서진 벽돌과 석재가 흩어져 있으며 오래된 문양이 희미하게 남아 있습니다.,"The ruined ground of an ancient civilization. Broken bricks and stone fragments are scattered across the floor, with faint carvings from a long-lost era."
InteriorDescThemeDeco03,,바닷속에 잠긴 고대 조각상과 기둥들로 이루어진 장식 요소입니다. 해초와 산호가 자라며 잊혀진 문명의 흔적을 보여줍니다.,"Decorative underwater ruins composed of ancient statues and fallen columns. Seaweed and coral grow around them, revealing traces of a forgotten civilization."
InteriorDescThemeTerrain04,,차가운 물결이 얼어붙은 호수 지형입니다. 투명한 얼음 아래에 신비로운 문양이 보이며 차가운 분위기를 연출합니다.,"A frozen lake terrain with chilling waves. Mysterious patterns can be seen beneath the translucent ice, creating a cold and magical atmosphere."
InteriorDescThemeDeco04,,빛나는 얼음 수정이 주변에 떠다니며 차가운 에너지를 발산하는 장식 요소입니다. 마치 마법이 깃든 얼음 동굴을 연상시킵니다.,"Glowing ice crystals float around, emitting a chilling magical energy. They evoke the feeling of a mystical frozen cavern."
InteriorDescThemeTerrain05,,"바닷가 절벽과 모래 언덕, 어두운 동굴 입구로 이루어진 해안 지형입니다.","A coastal terrain featuring sandy dunes, rocky cliffs, and a dark cave entrance."
InteriorDescThemeDeco05,,부서진 목조 선체와 흩어진 파편으로 이루어진 오래된 난파선 잔해입니다.,The remains of an old shipwreck with broken wooden hull pieces and scattered debris.
InteriorDescThemeTerrain06,,모래 위에 묻히거나 열린 보물 상자와 흩어진 금화가 있는 해변 지형입니다.,A beach terrain featuring buried or opened treasure chests and scattered gold coins.
InteriorDescThemeDeco06,,금화와 보석이 물결처럼 퍼져 나오는 화려한 보물 획득 효과입니다.,A flashy effect of coins and gems bursting outward like a flowing wave of treasure.
ShopCategoryIslandInterior,상점 ui 카테고리,섬 인테리어,Island Interior
ShopCategoryLakeInterior,상점 ui 카테고리,호수 인테리어,Lake Interior
ShopCategoryCostume,상점 ui 카테고리,코스튬,Costume
ShopCategoryFishingItem,상점 ui 카테고리,낚시 아이템,Fishing Item
ShopCategoryRecipe,상점 ui 카테고리,레시피,Recipe
ShopSortHave,,보유 아이템 순,Owned
ShopSortNotHave,,미보유 아이템 순,Unacquired
ShopSortHighPrice,,높은 가격 순,Price: High to Low
ShopSortLowPrice,,낮은 가격 순,Price: Low to High
IslandInteriorShopFilterMainHouse,,메인 하우스,Main House
IslandInteriorShopFilterFloor,,바닥,Floor
IslandInteriorShopFilterFix,,고정,Fix
IslandInteriorShopFilterFree,,자유,Free
LakeInteriorShopFilterFloor,,바닥재,Floor
LakeInteriorShopFilterOrnament,,장식물,Ornament
CostumeShopFilterHead,,머리,Head
CostumeShopFilterBody,,의류,Body
FishingItemShopFilterPole,,낚싯대,Pole
FishingItemShopFilterBait,,미끼,Bait
FishingItemShopFilterBobber,,낚시찌,Bobber
ShopButtonPurchase,,구매,Purchase
ShopButtonSell,,판매,Sell
ShopButtonMax,,최대,Max
ShopButtonEquip,,장착,Equip
ShopButtonUnequip,,해제,Unequip
FoodNameSashimiMullet,음식,숭어회,Mullet Sashimi
FoodNameSashimiTrout,,송어회,Trout Sashimi
FoodNameGrilledSeaEel,,붕장어구이,Grilled SeaEel
FoodNameBoiledHairtail,,갈치 조림,Boiled Hairtail
FoodNameSteamedMonkfish,,아귀찜,Steamed Monkfish
FoodNameSashimiYellowtail,,방어회,Yellowtail Sashimi
FoodNameBoiledSardine,,정어리 조림,Boiled Sardine
FoodNameSteamedPirarucu,,피라루크 찜,Steamed Pirarucu
FoodNameGrilledMackerel,,고등어 구이,Grilled Mackerel
FoodNameGrilledKingPrawn,,대하 소금구이,Grilled KingPrawn
FoodNameBoiledOarfish,,산갈치 조림,Boiled Oarfish
FoodNameGrilledSpermWhale,,향유고래구이,Grilled SpermWhale
FoodNameSeasonedIcefish,,빙어 무침,Seasoned Icefish
FoodDescSashimiMullet,음식 설명,"찰진 식감이 일품이며, 씹을수록 올라오는 은은한 단맛과 흙내 없는 담백함이 특징","A chewy, firm texture is its highlight, featuring a subtle sweetness that emerges with every bite and a clean, earthy-free flavor."
FoodDescSashimiTrout,,선홍빛 살점의 부드러운 해삼 같은 식감과 특유의 고소하고 민물고기답지 않은 깔끔한 풍미,"Boasts vivid crimson flesh with a soft, sea cucumber-like texture and a uniquely nutty, clean flavor rarely found in freshwater fish."
FoodDescGrilledSeaEel,,기름기를 쏙 빼 포슬포슬하면서도 쫄깃한 살결과 씹을수록 고소함이 터지는 보양식,"A nourishing dish where the oil is rendered out to create a flaky yet bouncy texture, releasing a burst of savory richness as you chew."
FoodDescBoiledHairtail,,"부드럽게 부서지는 은빛 살에 매콤한 양념이 스며들어, 달큰한 무와 함께 즐기는 최고의 밥도둑","The ultimate ""rice thief"" featuring tender, silvery flesh infused with spicy seasoning, enjoyed alongside sweet, braised radish."
FoodDescSteamedMonkfish,,탄력 있는 껍질의 콜라겐과 결대로 찢어지는 담백한 속살이 특징,"Characterized by the elastic, collagen-rich skin and lean, tender meat that shreds naturally along the grain."
FoodDescSashimiYellowtail,,겨울철 오른 기름기 덕분에 입안에서 녹아내리는 듯한 부드러움과 진한 고소함이 압권,"The pinnacle of winter delicacies, offering a melt-in-your-mouth softness and deep, buttery richness thanks to its seasonal fat content."
FoodDescBoiledSardine,,작지만 알찬 살집에 녹아있는 등푸른생선 특유의 진한 풍미와 짭조름한 양념의 조화,"A harmonious blend of salty seasoning and the intense, robust flavor characteristic of small but meaty blue-backed fish."
FoodDescSteamedPirarucu,,거대한 크기만큼이나 두툼하고 탄탄한 살점이 특징,"Distinguished by thick, firm, and substantial fillets that match the impressive scale of this giant fish."
FoodDescGrilledMackerel,,노릇하게 구워진 껍질 속의 촉촉한 육즙과 입안 가득 퍼지는 고소한 지방의 풍미가 일품,"A true masterpiece featuring crispy, golden-brown skin that seals in moist juices and the rich, savory aroma of its natural oils."
FoodDescGrilledKingPrawn,,소금 위에서 익혀져 탱글탱글한 탄력과 새우 본연의 진한 감칠맛이 가장 잘 살아나는 조리법,"The best cooking method to highlight the shrimp’s natural umami and its springy, firm texture by cooking it over a bed of salt."
FoodDescBoiledOarfish,,매우 희귀한 심해어로 일반 갈치보다 살이 훨씬 연하고 수분감이 많아 입안에서 가볍게 흩어짐,"An extremely rare deep-sea fish with flesh far softer and more hydrated than common hairtail, causing it to delicately dissolve in the mouth."
FoodDescGrilledSpermWhale,,붉은 살코기의 묵직한 질감과 독특한 육향,"Features a heavy, dense texture similar to red meat, accompanied by a very distinct and unique gamey aroma."
FoodDescSeasonedIcefish,,"투명하고 신선한 생물을 채소와 버무려, 뼈째 씹히는 고소함과 상큼한 양념이 조화를 이루는 별미","A seasonal delicacy where transparent, fresh icefish are tossed with vegetables, offering a harmony of nutty, whole-bone crunch and zesty seasoning."
RecordNameIndigoBalcony,음악 제목,베란다의 푸른 밤,Indigo Balcony
RecordNameMidnightGroove,,자정의 그루브,Midnight Groove
RecordNameCityNight,,도시의 밤,City Night
RecordNameNightRipples,,밤의 윤슬,Night Ripples
RecordNameAfternoonFragments,,오후의 조각,Afternoon Fragments
RecordNameMetropolisRoutine,,Metropolis Routine,Metropolis Routine
RecordNameUrbanBreeze,,Urban Breeze,Urban Breeze
RecordNameBlueHour,,Blue Hour,Blue Hour
RecordNameNeonMelody,,네온 멜로디,Neon Melody
RecordNameSunlitWindowside,,햇살이 머무는 창가,Sunlit Windowside
RecordNameSunnyMorning,,기분 좋은 아침,Sunny Morning
RecordNamePinkNoise,,Pink Noise,Pink Noise
RecordNameWalkingonClouds,,Walking on Clouds,Walking on Clouds
RecordNameWatercolorDiary,,Watercolor Diary,Watercolor Diary
RecordNameThePicnicBasket,,The Picnic Basket,The Picnic Basket
RecordNameLateSpringConfession,,늦봄의 고백,Late Spring Confession
RecordNameSummerSiesta,,Summer Siesta,Summer Siesta
RecordNameMoonlitBeach,,Moonlit Beach,Moonlit Beach
RecordNameCoolWave,,Cool Wave,Cool Wave
RecordNameSummerEpilogue,,여름의 에필로그,Summer Epilogue
RecordNameMemoriesontheSand,,Memories on the Sand,Memories on the Sand
RecordNameDepressedSummer,,Depressed Summer,Depressed Summer
RecordNameSummerRoad,,Summer Road,Summer Road
RecordNameASummerRest,,A Summer Rest,A Summer Rest
RecordNameStarlightDrive,,Starlight Drive,Starlight Drive
RecordNameMakemeYawn,,Make me Yawn,Make me Yawn
RecordNameAftertheSummerShower,,여름 소나기 뒤,After the Summer Shower
RecordNameTheHumidAir,,The Humid Air,The Humid Air
RecordNameSummerStep,,Summer Step,Summer Step
RecordNameAutumn’sFirstDay,,가을날의 첫 등교,Autumn’s First Day
RecordNameThe6PMRoutine,,The 6 PM Routine,The 6 PM Routine
RecordNameRhythmofFallingLeaves,,낙엽의 리듬,Rhythm of Falling Leaves
RecordNameWheretheLeavesOnceRested,,낙엽이 머물다 간 자리,Where the Leaves Once Rested
RecordNameTheLastPageoftheAutumn,,가을의 마지막 페이지,The Last Page of the Autumn
RecordNameAutumnChill-out,,Autumn Chill-out,Autumn Chill-out
RecordNameSketchofanAutumnDay,,Sketch of an Autumn Day,Sketch of an Autumn Day
RecordNameAutumnAfternoonattheCafeTerrace,,Autumn Afternoon at the Cafe Terrace,Autumn Afternoon at the Cafe Terrace
RecordNameMapleDream,,Maple Dream,Maple Dream
RecordNameEndoftheBrownWind,,End of the Brown Wind,End of the Brown Wind
RecordNameWinterStillness,,Winter Stillness,Winter Stillness
RecordNameWinterNightDiary,,Winter Night Diary,Winter Night Diary
RecordNameTheTemperatureofFirstSnow,,The Temperature of First Snow,The Temperature of First Snow
RecordNameChristmasatDawn,,새벽의 크리스마스,Christmas at Dawn
RecordNameChristmasMorningSunshine,,Christmas Morning Sunshine,Christmas Morning Sunshine
RecordNameWaltzofFrozenTime,,Waltz of Frozen Time,Waltz of Frozen Time
RecordNameFirstSnow,,첫 눈,First Snow
RecordNameWhisperofFrostFlowers,,서리꽃의 속삭임,Whisper of Frost Flowers
RecordNameEndoftheSeason,,계절의 끝,End of the Season
RecordDescIndigoBalcony,음악 설명,생동감 있고 감각적인 도시의 야경 분위기를 표현,Expressing a vibrant and sensual nighttime atmosphere of the city
RecordDescMidnightGroove,,세련된 도시의 야경 분위기를 표현,Expressing the sophisticated nighttime atmosphere of the city
RecordDescCityNight,,도시의 밤속에서 드라이브하는 듯한 청량하고 감각적인 분위기를 표현,Expressing a refreshing and sensual atmosphere like driving through the city at night
RecordDescNightRipples,,밤거리를 평화롭게 비추는 도시의 야경을 연상시킴,It evokes the night view of a city peacefully illuminating the streets.
RecordDescAfternoonFragments,,오후의 햇살처럼 밝고 여유로운 분위기를 자아냄,Evokes a bright and relaxed atmosphere like the afternoon sun.
RecordDescMetropolisRoutine,,바쁘게 움직이는 도시의 일상 속에서 발견하는 세련된 감성을 담아냄,Capturing the sophisticated sensibility found in the busy daily life of the city
RecordDescUrbanBreeze,,빌딩 사이로 불어오는 시원한 바람처럼 청량하고 기분 좋은 에너지를 전달,Delivering refreshing and pleasant energy like a cool breeze blowing between buildings
RecordDescBlueHour,,해 질 녘 도시의 편안한 정취를 담아냄,Capturing the relaxed atmosphere of the city at sunset
RecordDescNeonMelody,,네온사인이 일렁이는 도심 속의 낭만적인 밤 풍경을 그림,A painting of a romantic night scene in the city center with flickering neon signs.
RecordDescSunlitWindowside,,창가로 스며드는 따스한 봄 햇살같은 평화롭고 나른한 감성,A peaceful and languid sensibility like warm spring sunlight seeping through the window
RecordDescSunnyMorning,,"평화롭고 설레는 분위기를 자아내며, 일상 속 작은 행복을 떠올리게 함","Evokes a peaceful and heart-fluttering atmosphere, reminding one of small joys in everyday life"
RecordDescPinkNoise,,봄의 산뜻하고 생명력 있는 느낌을 표현,Expressing the fresh and vibrant feeling of spring
RecordDescWalkingonClouds,,마치 몽글몽글한 구름 위를 산책하는 듯한 가볍고 포근한 느낌,"A light and cozy feeling, like taking a walk on fluffy clouds"
RecordDescWatercolorDiary,,봄날을 연상시키는 부드럽고 따뜻한 사운드,Soft and warm sound reminiscent of a spring day
RecordDescThePicnicBasket,,나들이를 떠나는 듯한 리드미컬한 무드,A rhythmic mood like going on an outing
RecordDescLateSpringConfession,,애틋하고 따스한 감정을 담아냄,Capturing tender and warm emotions
RecordDescSummerSiesta,,"무더운 낮, 평온한 휴식을 연상",Reminiscent of peaceful rest on a sweltering day
RecordDescMoonlitBeach,,"여름밤, 달빛이 쏟아지는 해변의 느낌을 표현",Expressing the feeling of a summer night on a beach bathed in moonlight
RecordDescCoolWave,,여름 바다의 시원함을 표현,Expressing the coolness of the summer sea
RecordDescSummerEpilogue,,한여름의 뜨거움이 지나간 뒤 찾아오는 서늘하고 아련한 저녁 공기를 연상,"It brings to mind the cool, wistful evening air that follows the heat of midsummer."
RecordDescMemoriesontheSand,,여름 풍경 속에서 소중한 추억을 되새기는 듯한 포근하고 서정적인 사운드,A warm and lyrical sound that feels like reminiscing about precious memories amidst a summer landscape.
RecordDescDepressedSummer,,먹구름이 낀 어두운 여름 하늘을 표현,Depicting a dark summer sky filled with storm clouds
RecordDescSummerRoad,,푸른 바다를 옆에 끼고 달리는 여름날의 드라이브처럼 시원하고 활기찬 에너지를 선사,"It offers cool and vibrant energy, like a summer drive with the blue sea beside you."
RecordDescASummerRest,,바쁜 일상 속에서 따뜻하고 안락한 느낌,A warm and cozy feeling amidst a busy daily life
RecordDescStarlightDrive,,별빛 아래를 드라이브하는 듯한 상쾌하고 기분 좋은 느낌,"A refreshing and pleasant feeling, like driving under the stars."
RecordDescMakemeYawn,,"여름 낮, 잔잔하게 하품이 나오는 느낌",The feeling of gently yawning on a summer day
RecordDescAftertheSummerShower,,비가 그친 뒤 눅눅하면서도 차분하게 가라앉은 여름 오후 느낌,The feeling of a damp yet calm summer afternoon after the rain has stopped.
RecordDescTheHumidAir,,비 온 뒤의 습한 공기와 선선함이 공존하는 무드,A mood where humid air and coolness coexist after the rain
RecordDescSummerStep,,햇살 아래 길을 걷는 설렘을 표현,Expressing the excitement of walking down the street in the sunlight
RecordDescAutumn’sFirstDay,,"높고 푸른 가을 하늘 아래, 새로운 시작을 앞둔 발걸음처럼 경쾌하고 산뜻한 설렘을 담아냄","Capturing the light and refreshing excitement like footsteps before a new beginning under the high, blue autumn sky"
RecordDescThe6PMRoutine,,"퇴근길 혹은 하굣길에 마주하는 일상의 평온함을 표현하며, 가을 특유의 쓸쓸하면서도 따스한 감성을 동시에 담아냄","Expressing the tranquility of daily life encountered on the way home from work or school, it simultaneously captures the unique melancholic yet warm sentiment of autumn."
RecordDescRhythmofFallingLeaves,,느긋한 비트 위로 통통 튀는 선율이 마치 마른 낙엽이 바스락거리며 길 위를 구르는 듯한 가을날의 생동감을 전달,"The bouncy melody over a relaxed beat conveys the vibrancy of an autumn day, like dry leaves rustling and rolling along the road."
RecordDescWheretheLeavesOnceRested,,텅 빈 거리 위로 흩어지는 낙엽같이 공허함과 고독한 느낌을 표현,Expressing a sense of emptiness and loneliness like fallen leaves scattering over an empty street.
RecordDescTheLastPageoftheAutumn,,가을의 끝자락에서 느껴지는 아련하고 쓸쓸한 느낌을 표현,Expressing the wistful and lonely feeling at the tail end of autumn
RecordDescAutumnChill-out,,선선한 가을바람을 맞으며 즐기는 도심 속 휴식의 순간을 선사,"Offering moments of relaxation in the city, enjoyed while feeling the cool autumn breeze."
RecordDescSketchofanAutumnDay,,가을 풍경 속에서 느껴지는 생동감 넘치는 평화로움을 담아냄,Capturing the vibrant peacefulness felt in the autumn landscape
RecordDescAutumnAfternoonattheCafeTerrace,,낙엽을 바라보며 즐기는 커피 한 잔의 평화로운 무드를 담아냄,Capturing the peaceful mood of a cup of coffee enjoyed while gazing at fallen leaves.
RecordDescMapleDream,,단풍 거리를 걸으며 꿈과 같은 기분을 느끼도록 표현,Expressing a dream-like feeling while walking down a street of autumn foliage
RecordDescEndoftheBrownWind,,가을의 마지막을 마치 드라마의 엔딩처럼 느껴지도록 표현,Express the end of autumn so that it feels like the ending of a drama
RecordDescWinterStillness,,온 세상이 눈으로 뒤덮여 소음이 사라진 숲속의 평화로운 감성을 담아냄,Capturing the peaceful atmosphere of a forest where the whole world is covered in snow and the noise has disappeared.
RecordDescWinterNightDiary,,따뜻한 방 안에서 홀로 하루를 정리하는 고요한 시간을 연상시킴,It evokes a quiet time of winding down the day alone in a warm room.
RecordDescTheTemperatureofFirstSnow,,차가운 공기 사이로 내려앉는 눈송이의 느낌을 표현,Expressing the feeling of snowflakes settling in the cold air
RecordDescChristmasatDawn,,"모두가 잠든 크리스마스 새벽, 하얗게 쌓인 눈 위로 흐르는 평온한 기쁨을 전달",Delivering the peaceful joy flowing over the white snow at dawn on Christmas when everyone is asleep
RecordDescChristmasMorningSunshine,,눈 뜬 순간 마주한 하얀 세상과 머리맡의 선물을 확인하는 기분 좋은 설렘을 전달,It conveys the pleasant excitement of facing the white world the moment you open your eyes and checking the gift by your bedside.
RecordDescWaltzofFrozenTime,,멈춰버린 겨울 풍경 속에서 피어오르는 아련한 기억과 서정적인 감성을 표현,Expressing faint memories and lyrical sensibilities blooming amidst a frozen winter landscape
RecordDescFirstSnow,,첫 눈의 설렘을 표현,Expressing the excitement of the first snow
RecordDescWhisperofFrostFlowers,,유리창에 피어난 성에와 차가운 새벽 공기 사이로 흐르는 몽환적 느낌을 표현,Expressing the dreamy feeling flowing between the frost blooming on the windowpane and the cold dawn air
RecordDescEndoftheSeason,,고독하면서도 아늑한 겨울 특유의 감성을 담아냄,Capturing the unique winter sentiment that is both solitary and cozy
LakeStoreThemeName1,,산호정원,Coral Garden
LakeStoreThemeName2,,이끼돌 호수 바닥,Mossy Rock Lakebed
LakeStoreThemeName3,,잠든 유적,Sleeping Ruins
LakeStoreThemeName4,,유리호수,Glass Lake
LakeStoreThemeName5,,잃어버린 항로,The Lost Seaway
LakeStoreThemeName6,,빛의 조각들,Fragments of Light
InteriorDescTheme1,,"고요한 호수의 잔잔한 바닥 위에 다채로운 산호초 장식 군락이 어우러져, 마치 시간 마저 멈춘 듯한 신비롭고 몽환적인 수중 정원을 연상시키는 테마입니다.",
InteriorDescTheme2,,"이끼가 촘촘히 뒤덮인 호수 바위 지형 사이로 수중 식물이 부드럽게 흔들리고, 곳곳에서 올라오는 작은 거품이 생명의 숨결을 더하는 촉촉하고 신비로운 수중 테마입니다",
InteriorDescTheme3,,"세월에 잠식된 고대 유적의 바닥 위로 무너진 석조 구조물과 수중 유적 장식이 흩어져, 잊혀진 문명의 흔적이 깊이 물속에서 조용히 잠들어 있는 듯한 장엄하고 신비로운 테마입니다",
InteriorDescTheme4,,"얼어붙은 호수의 차가운 지형 위에 투명하게 빛나는 얼음 수정 장식이 솟아 있어, 정적속에서도 서늘한 광채가 흐르는 순백의 겨울 수중 테마입니다.",
InteriorDescTheme5,,"파도에 깎여 형성된 해안 동굴의 거친 지형 속에 부서진 난파선 잔해가 흩어져, 거센 바다의 흔적과 오래된 항해의 비밀을 간직한 음침하고 신비로운 해양 테마입니다.",
InteriorDescTheme6,,"황금빛 모래가 반짝이는 보물 해변 위에서 눈부신 보물 폭발 효과가 터져 나오며, 숨겨진 보물이 모습을 드러내는 순간의 짜릿함과 화려함을 담은 역동적인 테마입니다.",
SettingMessageTitle,UI,설정,Settings
SettingCategoryGeneral,UI,일반 설정,General
SettingDropdownLanguage,UI,언어,Lanaguage
SettingCategorySound,UI,사운드 설정,Sound
SettingSliderBGM,UI,배경음,BGM
SettingSliderAMB,UI,환경음,AMB
SettingSliderSFX,UI,효과음,SFX
SettingCategoryRecord,UI,음반 설정,Record
SettingToggleBackgroundPlay,UI,백그라운드 재생,Play in Background
SettingToggleAutoPlayDefault,UI,기본 음반 자동 재생,Auto-play Default Record
SettingCategoryScreen,UI,화면 설정,Display
SettingDropdownMonitor,UI,모니터 설정,Display Monitor
SettingToggleAlwaysOnTop,UI,게임 창 최상단 고정,Always on Top
SettingButtonSave,UI,저장,Save
SettingButtonExit,UI,종료,Exit